Nom_du_festival,Commune_principale_de_deroulement,Trails_nearby
Poutay Jazz & Blues,Mutzig,154
La Journée De La Guitare À Mutzig,Mutzig,154
Les Musicales De Soultz,Soultz-Haut-Rhin,134
Fête De L'Eau De Wattwiller,Wattwiller,131
Festival International De Sculpture Camille Claudel,La Bresse,125
Festival De Musique D'Obernai,Obernai,124
Pisteurs D'Etoiles,Obernai,124
Les Scènes Sauvages,Wildersbach,121
Graines Des Toiles,Gérardmer,101
Rencontres Du Cinéma De Gérardmer,Gérardmer,101
Gérardm'Electric,Gérardmer,101
Festival International Du Film Fantastique De Gérardmer,Gérardmer,101
Festival De Musique Ancienne De Ribeauvillé,Ribeauvillé,83
Livres En Scène,Ribeauvillé,83
Festival Du Jazz Amarinois,Saint-Amarin,76
Le Mangeur De Lune - Festival Des Musiques Du Monde,Rouffach,75
Musicalta,Rouffach,75
Ebulli'Son,Montfaucon,75
Multiprises,Husseren-Wesserling,74
Swamp Fest,Thise,74
